<?xml version="1.0" ?>
<neighborhood executionId="1" id="1">
  <!--Imported CoSSMic Loads-->
  <house id="7">
    <user id="1">
      <heatercooler>
        <id>10</id>
        <profile>hc_0_2_1.csv </profile>
      </heatercooler>
      <device>
        <id>0</id>
        <est>1475910109</est>
        <lst>1475920909</lst>
        <creation_time>1475910109</creation_time>
        <type>load</type>
        <profile>0_run_0_1_ein.csv</profile>
      </device>
      <device>
        <id>3</id>
        <est>0</est>
        <lst>0</lst>
        <creation_time>1475909352</creation_time>
        <type>load</type>
        <profile>0_run_3_1_eout.csv</profile>
      </device>
      <device>
        <id>4</id>
        <est>1475918469</est>
        <lst>1475929269</lst>
        <creation_time>1475918469</creation_time>
        <type>load</type>
        <profile>0_run_4_1_ein.csv</profile>
      </device>
    </user>
  </house>
  <house id="2">
    <user id="1">
      <device>
        <id>0</id>
        <est>1475931257</est>
        <lst>1475942057</lst>
        <creation_time>1475931257</creation_time>
        <type>load</type>
        <profile>2_run_0_1_ein.csv</profile>
      </device>
      <device>
        <id>3</id>
        <est>0</est>
        <lst>0</lst>
        <creation_time>1475909057</creation_time>
        <type>load</type>
        <profile>2_run_3_1_eout.csv</profile>
      </device>
      <device>
        <id>4</id>
        <est>1475916561</est>
        <lst>1475927361</lst>
        <creation_time>1475916561</creation_time>
        <type>load</type>
        <profile>2_run_4_1_ein.csv</profile>
      </device>
    </user>
  </house>
  <house id="3">
    <user id="1">
      <device>
        <id>0</id>
        <est>1475927447</est>
        <lst>1475938247</lst>
        <creation_time>1475927447</creation_time>
        <type>load</type>
        <profile>3_run_0_1_ein.csv</profile>
      </device>
      <device>
        <id>3</id>
        <est>0</est>
        <lst>0</lst>
        <creation_time>1475907953</creation_time>
        <type>load</type>
        <profile>3_run_3_1_eout.csv</profile>
      </device>
    </user>
  </house>
  <house id="4">
    <user id="1">
      <device>
        <id>0</id>
        <est>1475908889</est>
        <lst>1475919689</lst>
        <creation_time>1475908889</creation_time>
        <type>load</type>
        <profile>4_run_0_1_ein.csv</profile>
      </device>
      <device>
        <id>3</id>
        <est>0</est>
        <lst>0</lst>
        <creation_time>1475906997</creation_time>
        <type>load</type>
        <profile>4_run_3_1_eout.csv</profile>
      </device>
    </user>
  </house>
  <house id="5">
    <user id="1">
      <device>
        <id>0</id>
        <est>1475928246</est>
        <lst>1475939046</lst>
        <creation_time>1475928246</creation_time>
        <type>load</type>
        <profile>5_run_0_1_ein.csv</profile>
      </device>
      <device>
        <id>3</id>
        <est>0</est>
        <lst>0</lst>
        <creation_time>1475907638</creation_time>
        <type>load</type>
        <profile>5_run_3_1_eout.csv</profile>
      </device>
    </user>
  </house>
  <house id="6">
    <user id="1">
      <device>
        <id>3</id>
        <est>0</est>
        <lst>0</lst>
        <creation_time>1475908865</creation_time>
        <type>load</type>
        <profile>6_run_3_1_eout.csv</profile>
      </device>
    </user>
  </house>
  <house id="1">
    <user id="1">
      <device>
        <id>5</id>
        <est>1475943269</est>
        <lst>1475954069</lst>
        <creation_time>1475943269</creation_time>
        <type>load</type>
        <profile>1_run_5_1_ein.csv</profile>
      </device>
    </user>
  </house>
</neighborhood>
