<?xml version='1.0' encoding='UTF-8'?>
<Neighborhood>
  <house id="0">
    <user id="0">
      <ecar>
        <id>0</id>
        <pat>0</pat>
        <pdt>10800</pdt>
        <aat>7200</aat>
        <adt>14400</adt>
        <creation_time>14400</creation_time>
        <soc>0</soc>
        <targetSoc>0</targetSoc>
        <V2G>0</V2G>
        <priority>0</priority>
      </ecar>
      <ecar>
        <id>1</id>
        <pat>0</pat>
        <pdt>0</pdt>
        <aat>0</aat>
        <adt>0</adt>
        <creation_time>0</creation_time>
        <soc>1</soc>
        <targetSoc>0</targetSoc>
        <V2G>0</V2G>
        <priority>0</priority>
      </ecar>
    </user>
  </house>
</Neighborhood>
