<?xml version='1.0' encoding='UTF-8'?>
<neighborhood id="1" name="test">
  <house id="0">
    <user id="0">
      <backgroundload>
        <type>NS-Consumer</type>
        <name>BackGroundLoad</name>
        <id>5</id>
      </backgroundload>
      <device>
        <type>Consumer</type>
        <name>WashDish</name>
        <id>1</id>
      </device>
      <device>
        <type>Producer</type>
        <name>PVPanel</name>
        <id>2</id>
      </device>
      <heatercooler>
        <type>NS-Consumer</type>
        <name>HeaterCooler</name>
        <id>4</id>
      </heatercooler>
      <ecar>
        <model>EcarModel1</model>
        <capacity>24</capacity>
        <maxchpowac>4</maxchpowac>
        <maxchpowcc>40</maxchpowcc>
        <maxdispow>0</maxdispow>
        <maxallen>99</maxallen>
        <minallen>2</minallen>
        <sbch>90.0</sbch>
        <sbdis>0.0</sbdis>
        <cheff>0.7</cheff>
        <dis_eff>0.0</dis_eff>
        <type>Prosumer</type>
        <name>Ecar_model</name>
        <id>6</id>
      </ecar>
    </user>
  </house>
</neighborhood>
