<?xml version='1.0' encoding='UTF-8'?>
<neighborhood id="1" name="test">
  <house id="0">
    <user id="0">
      <ecar>
        <model>Miaaut</model>
        <capacity>0</capacity>
        <maxchpowac>0</maxchpowac>
        <maxchpowcc>0</maxchpowcc>
        <maxdispow>0</maxdispow>
        <maxallen>0</maxallen>
        <minallen>0</minallen>
        <sbch>0.0</sbch>
        <sbdis>0.0</sbdis>
        <cheff>0.0</cheff>
        <dis_eff>0.0</dis_eff>
        <type>Prosumer</type>
        <name>mia</name>
        <id>0</id>
      </ecar>
      <ecar>
        <model>model2</model>
        <capacity>23</capacity>
        <maxchpowac>33</maxchpowac>
        <maxchpowcc>33</maxchpowcc>
        <maxdispow>44</maxdispow>
        <maxallen>0</maxallen>
        <minallen>0</minallen>
        <sbch>0.0</sbch>
        <sbdis>0.0</sbdis>
        <cheff>0.0</cheff>
        <dis_eff>0.0</dis_eff>
        <type>Prosumer</type>
        <name>autoMIa</name>
        <id>1</id>
      </ecar>
    </user>
  </house>
</neighborhood>
