<?xml version='1.0' encoding='UTF-8'?>
<Neighborhood peakLoad="7.0">
  <house id="1" peakLoad="3.0">
    <user id="0">
      <heatercooler>
        <type>NS-Consumer</type>
        <name>HeaterCooler</name>
        <id>2</id>
      </heatercooler>
      <ChargingPoint id="0" peakLoad="3.0" ConnectorsType="DC">
        <ecar>
          <model>aaa</model>
          <capacity>0</capacity>
          <maxchpowac>0</maxchpowac>
          <maxchpowcc>0</maxchpowcc>
          <maxdispow>0</maxdispow>
          <maxallen>0</maxallen>
          <minallen>0</minallen>
          <sbch>0.0</sbch>
          <sbdis>0.0</sbdis>
          <cheff>0.0</cheff>
          <dis_eff>0.0</dis_eff>
          <type>Prosumer</type>
          <name>mia</name>
          <id>20</id>
        </ecar>
        <ecar>
          <model>aaa</model>
          <capacity>0</capacity>
          <maxchpowac>0</maxchpowac>
          <maxchpowcc>0</maxchpowcc>
          <maxdispow>0</maxdispow>
          <maxallen>0</maxallen>
          <minallen>0</minallen>
          <sbch>0.0</sbch>
          <sbdis>0.0</sbdis>
          <cheff>0.0</cheff>
          <dis_eff>0.0</dis_eff>
          <type>Prosumer</type>
          <name>mia</name>
          <id>25</id>
        </ecar>
      </ChargingPoint>
      <device>
        <type>Consumer</type>
        <name>DishWasher</name>
        <id>38</id>
      </device>
    </user>
  </house>
  <chargingStation id="2" peakLoad="5.0">
    <user id="0">
      <ChargingPoint id="0" peakLoad="3.0" ConnectorsType="AC">
        <ecar>
          <model>aaa</model>
          <capacity>0</capacity>
          <maxchpowac>0</maxchpowac>
          <maxchpowcc>0</maxchpowcc>
          <maxdispow>0</maxdispow>
          <maxallen>0</maxallen>
          <minallen>0</minallen>
          <sbch>0.0</sbch>
          <sbdis>0.0</sbdis>
          <cheff>0.0</cheff>
          <dis_eff>0.0</dis_eff>
          <type>Prosumer</type>
          <name>mia</name>
          <id>19</id>
        </ecar>
        <ecar>
          <model>aaa</model>
          <capacity>0</capacity>
          <maxchpowac>0</maxchpowac>
          <maxchpowcc>0</maxchpowcc>
          <maxdispow>0</maxdispow>
          <maxallen>0</maxallen>
          <minallen>0</minallen>
          <sbch>0.0</sbch>
          <sbdis>0.0</sbdis>
          <cheff>0.0</cheff>
          <dis_eff>0.0</dis_eff>
          <type>Prosumer</type>
          <name>mia</name>
          <id>24</id>
        </ecar>
      </ChargingPoint>
    </user>
  </chargingStation>
  <chargingStation id="3" peakLoad="2.0">
    <user id="0">
      <ChargingPoint id="0" peakLoad="0.0" ConnectorsType="AC">
        <ecar>
          <model>aaa</model>
          <capacity>0</capacity>
          <maxchpowac>0</maxchpowac>
          <maxchpowcc>0</maxchpowcc>
          <maxdispow>0</maxdispow>
          <maxallen>0</maxallen>
          <minallen>0</minallen>
          <sbch>0.0</sbch>
          <sbdis>0.0</sbdis>
          <cheff>0.0</cheff>
          <dis_eff>0.0</dis_eff>
          <type>Prosumer</type>
          <name>mia</name>
          <id>18</id>
        </ecar>
        <ecar>
          <model>aaa</model>
          <capacity>0</capacity>
          <maxchpowac>0</maxchpowac>
          <maxchpowcc>0</maxchpowcc>
          <maxdispow>0</maxdispow>
          <maxallen>0</maxallen>
          <minallen>0</minallen>
          <sbch>0.0</sbch>
          <sbdis>0.0</sbdis>
          <cheff>0.0</cheff>
          <dis_eff>0.0</dis_eff>
          <type>Prosumer</type>
          <name>mia</name>
          <id>23</id>
        </ecar>
      </ChargingPoint>
      <ChargingPoint id="1" peakLoad="0.0" ConnectorsType="AC/DC">
        <ecar>
          <model>aaa</model>
          <capacity>0</capacity>
          <maxchpowac>0</maxchpowac>
          <maxchpowcc>0</maxchpowcc>
          <maxdispow>0</maxdispow>
          <maxallen>0</maxallen>
          <minallen>0</minallen>
          <sbch>0.0</sbch>
          <sbdis>0.0</sbdis>
          <cheff>0.0</cheff>
          <dis_eff>0.0</dis_eff>
          <type>Prosumer</type>
          <name>mia</name>
          <id>17</id>
        </ecar>
        <ecar>
          <model>aaa</model>
          <capacity>0</capacity>
          <maxchpowac>0</maxchpowac>
          <maxchpowcc>0</maxchpowcc>
          <maxdispow>0</maxdispow>
          <maxallen>0</maxallen>
          <minallen>0</minallen>
          <sbch>0.0</sbch>
          <sbdis>0.0</sbdis>
          <cheff>0.0</cheff>
          <dis_eff>0.0</dis_eff>
          <type>Prosumer</type>
          <name>mia</name>
          <id>22</id>
        </ecar>
      </ChargingPoint>
    </user>
  </chargingStation>
  <house id="4" peakLoad="4.0">
    <user id="0">
      <backgroundload>
        <type>NS-Consumer</type>
        <name>BackGroundLoad</name>
        <id>1</id>
      </backgroundload>
    </user>
  </house>
</Neighborhood>
